"","dominance10","prestige10","leadership10","dominance6","prestige6","leadership6","dominance4","prestige4","leadership4","MFQ_harm_s","MFQ_fair_s","MFQ_ingroup_s","MFQ_authority_s","MFQ_purity_s","gender","age","employment_rank"
"2",47,47,33,29,25,19,20,19,12,-0.000322268787309145,1.31161947414682,0.899995950799509,-0.416356812247095,-2.26204813112535,"male",NA,0
"3",31,43,35,18,23,21,14,17,15,-0.000322268787309145,-1.72490316423291,0.189129770375314,-1.6564398153174,-1.2247384500203,"male",NA,1
"6",22,38,48,13,22,29,7,14,19,-0.14178828269877,-0.139443828676264,0.580774091302808,0.269585610317476,0.0575782035747429,"female","1",4
"8",37,47,47,19,29,27,11,20,18,-1.72827722613432,1.21423408175241,-1.00619408744803,0.546655900570345,-0.250003829363553,"female","2",7
"9",37,52,48,22,31,28,13,21,19,0.83390513959529,1.83555707645801,1.31203116676787,1.23259832313492,1.03231282423149,"male","2",1
"10",38,35,55,21,22,36,13,13,24,0.122626541207156,-1.85929919696648,0.972418412230301,-0.28455497018826,-0.552292592998626,"female","3",9
"11",13,31,42,7,20,25,4,9,16,0.446541505694899,0.189722988846116,-1.30502505190387,-3.30539495069941,-1.46974542251029,"male","1",0
"14",30,43,34,17,26,19,9,19,13,-0.935032754416547,-0.737402711665772,-0.707363122992195,0.474021676473328,1.09488788467979,"male","3",11
"16",32,43,42,21,27,23,12,19,15,-0.52915191659916,-0.5056212865378,0.69397834281533,0.67845774262918,0.724730791293193,"male","3",11
"17",28,40,55,16,22,34,9,13,22,1.42223492798896,0.885067264230032,0.508351629872016,0.401387452376311,-0.0675719173218641,"female","3",11
"18",21,34,46,13,22,29,6,16,17,2.03303044913045,1.40900486654123,0.20952066541618,-0.0801189040324088,0.114859994719824,"female","3",7
"19",23,43,20,15,31,10,9,19,6,0.528507379024542,0.555900446707653,-0.388141263495493,-0.0666522978972098,-0.672149444592011,"male","3",11
"20",30,32,49,16,19,31,9,12,20,-2.58102183843392,0.713660591157311,0.807182594327852,-1.01619840457945,-0.917156417082003,"male","4",11
"21",18,36,46,9,21,29,5,12,19,0.0406606678775125,0.848056623890875,0.69397834281533,0.269585610317476,0.787305851741497,"male","3",9
"22",38,44,44,25,26,28,16,15,20,0.751939266265646,1.6407862916692,2.62055927610374,2.32741287801119,2.25205441737823,"male","4",7
"23",31,37,47,16,24,27,8,16,17,0.792922202930468,0.945442016285283,-0.016887837608865,0.619290124667362,0.485017088106423,"male","3",10
"24",25,40,42,15,24,26,8,14,17,-0.000322268787309145,0.518889806368496,1.10601355878369,-0.343722588150078,-0.495010801853544,"male","4",11
"25",26,44,43,15,25,26,8,17,16,1.2807689140775,-0.139443828676264,0.189129770375314,0.474021676473328,0.177435055168128,"female","3",9
"26",13,31,45,6,16,29,4,11,21,1.68664975189488,0.421504413974088,1.01320020231203,1.43703438929077,1.64218362080486,"male","4",6
"27",30,40,43,20,27,26,10,17,16,-2.49905596510428,-2.09108062209445,-0.408532158536358,-1.02966501071465,-1.2247384500203,"male","4",9
"28",29,37,43,18,23,26,12,15,17,-0.0598224093691266,-1.16395492158256,-0.820567374504717,-0.488991036344112,-0.672149444592011,"male","2",5
"29",24,41,41,13,28,26,9,18,17,1.01635409017157,1.50639025893563,0.415538273400359,1.23259832313492,0.177435055168128,"female","3",7
"31",19,32,46,13,19,28,7,11,18,0.83390513959529,-0.176454469015421,0.487960734831151,-0.139286521994227,0.8498809121898,NA,"4",10
"32",23,42,52,16,29,31,10,18,19,-0.406203106604696,-0.83478810406018,1.6108621312237,-0.125819915859028,0.787305851741497,"male","3",11
"33",33,39,45,23,23,24,14,15,17,-0.711600867175443,-0.83478810406018,0.0963164139036573,0.546655900570345,0.42244202765812,NA,"3",11
"34",26,39,49,14,26,30,9,17,19,0.305075491783438,0.616275198762903,-0.72775401803306,-0.0666522978972098,0.177435055168128,"male","5",11
"36",29,42,48,18,24,29,11,14,19,-1.19944757832247,-1.91967394902173,0.168738875334449,-0.343722588150078,-1.2247384500203,"male","3",11
"37",26,39,44,16,23,26,9,14,20,0.305075491783438,-0.371225253804236,-0.72775401803306,-0.970497392752832,-0.250003829363553,"male","3",11
"39",38,47,53,24,26,32,15,18,21,0.305075491783438,-0.236829221070671,0.0963164139036573,1.30523254723193,0.177435055168128,"male","2",6
"40",17,38,48,8,24,30,4,15,20,0.487524442359721,1.31161947414682,0.69397834281533,0.619290124667362,-0.124853708466945,NA,"4",9
"41",29,42,24,16,27,13,10,17,8,-1.28141345165212,-0.700392071326616,0.992809307271166,0.619290124667362,0.0575782035747429,"male","4",11
"42",23,27,44,14,15,27,9,11,17,0.0816436045423341,-0.700392071326616,0.786791699286987,0.342219834414493,-1.04230653797861,"male","4",11
"43",11,16,31,7,10,24,5,5,16,-0.0413052054521308,0.189722988846116,-0.594158871479672,-3.50983101685527,-2.68948701565703,"male","4",6
"44",23,36,37,13,23,20,8,13,12,0.182126681788973,-0.139443828676264,1.31203116676787,0.474021676473328,-0.614867653446929,"male","4",9
"45",23,46,50,12,28,30,6,18,20,-0.6296349938458,-0.371225253804236,-0.016887837608865,-0.752594720461781,-1.04230653797861,"male","3",7
"46",41,51,45,24,31,28,17,21,19,0.0406606678775125,-0.700392071326616,1.40484452323952,1.50966861338779,1.09488788467979,"male","3",6
"47",28,42,52,14,24,31,8,18,21,0.934388216841929,0.98245265662444,1.31203116676787,1.50966861338779,-0.062278648018642,"female","3",11
"48",41,41,41,26,24,25,17,16,16,0.122626541207156,-0.176454469015421,1.17843602021448,0.89636041492023,0.547592148554727,"male","3",11
"49",26,48,38,16,28,21,10,19,14,0.528507379024542,-0.0420584362818562,0.920386845840375,0.401387452376311,-0.740017774343536,"female","4",6
"50",20,45,54,10,28,32,8,19,20,2.25646233637156,1.04282740867969,1.291640271727,0.691924348764379,0.855174181493022,"female","2",6
"51",23,48,45,16,31,28,10,21,20,1.80959856188935,1.04282740867969,-0.521736410048881,1.37786677132895,0.297291906761513,"male","2",9
"52",28,34,40,17,19,24,11,12,16,-0.935032754416547,-0.468610646198644,-1.00619408744803,-0.76606132659698,-0.369860680956937,"female","4",9
"53",21,35,34,13,23,21,9,15,14,1.68664975189488,0.189722988846116,1.6108621312237,1.1734307051731,0.969737763783185,"female","2",2
"54",60,47,60,36,27,36,24,19,24,-3.51573232406316,-3.24998774773431,-1.55182444996978,-1.57033898508519,-0.729431235737092,"male","1",9
"55",36,36,48,20,22,30,12,15,20,-0.447186043269517,-1.33536159465528,1.31203116676787,1.30523254723193,1.21474473627318,"male","4",10
"56",26,36,23,17,23,14,10,17,9,-0.652100726593625,0.65328583910206,-0.614549766520537,-0.475524430208913,0.604873939699808,NA,"3",6
"57",30,35,49,18,20,30,11,12,20,0.83390513959529,-0.932173496454588,0.395147378359494,1.10079648107608,0.365160236513038,"male","3",7
"58",21,26,43,11,16,27,4,10,17,-0.488168979934339,-1.59050713149935,1.01320020231203,1.50966861338779,-0.432435741405241,"male","4",10
"60",16,42,33,8,26,20,5,17,13,1.05733702683639,0.945442016285283,-1.13978923400142,-0.620792878402947,0.547592148554727,"male","2",0
"61",35,44,44,22,26,26,14,17,18,0.305075491783438,1.31161947414682,-0.109701194080522,0.19695138622046,-0.614867653446929,"male","2",1
"62",13,29,34,8,17,21,4,10,14,1.23978597741268,-0.00504779594269927,0.302334021887837,1.91854074569949,1.82990880214977,"male","3",9
"63",21,47,49,16,29,30,11,19,20,-0.447186043269517,0.421504413974088,-0.408532158536358,0.67845774262918,1.1574629451281,"male","3",7
"64",16,31,55,6,19,33,4,12,21,-0.264737092693235,-1.22432967363781,-0.501345515008015,0.328753228279294,0.787305851741497,"male","2",6
"65",36,53,59,18,34,35,12,24,24,-0.52915191659916,-0.603006678932208,2.52774591963208,2.47268132620522,1.39717664831487,"male","1",5
"67",17,50,47,12,30,29,4,19,19,1.95106457580081,1.21423408175241,0.807182594327852,1.23259832313492,0.114859994719824,"female","1",1
"68",17,36,53,11,23,34,5,16,22,-0.223754156028413,-0.700392071326616,0.302334021887837,0.89636041492023,0.120153264023046,"male","4",10
"69",32,43,55,19,24,34,12,17,22,-0.853066881086904,-0.83478810406018,-0.521736410048881,-1.02966501071465,-0.859874625936921,"male","2",5
"70",36,42,35,21,26,22,12,16,14,0.223109618453795,-0.371225253804236,0.714369237856195,1.5823028374848,0.177435055168128,"male","4",9
"72",31,33,40,20,20,24,13,13,16,-0.0598224093691266,-1.10358016952731,-0.130092089121387,0.342219834414493,-0.609574384143707,"male","3",9
"73",22,33,42,13,20,25,9,12,16,1.01635409017157,0.189722988846116,0.395147378359494,0.269585610317476,0.667449000148112,"male","2",1
"74",25,36,29,15,22,18,9,14,13,-0.711600867175443,-0.139443828676264,-0.109701194080522,-0.0666522978972098,0.485017088106423,"female","3",0
"75",22,40,48,14,22,29,7,16,20,-0.000322268787309145,-0.565996038593051,0.601164986343673,0.823726190823213,-0.37515395026016,"male","1",1
"76",19,48,48,10,28,28,6,19,20,-1.66482855672168,-3.24998774773431,-0.861349164586448,-1.57033898508519,-1.95446609818705,"male","2",1
"78",32,48,53,18,28,33,10,20,22,0.710956329600825,1.21423408175241,-0.202514550552179,-0.28455497018826,0.240010115616431,"male","3",6
"79",35,41,50,21,26,30,13,16,20,-0.0413052054521308,-0.5056212865378,1.31203116676787,0.955528032882048,1.52232676921147,"male","3",11
"80",28,45,47,14,26,29,9,18,19,-0.730118071092439,-0.579642567216114,-0.150482984162253,-0.125819915859028,-0.301992351205412,"male","5",11
"81",22,27,39,12,17,25,8,10,15,-0.547669120516156,-0.542631926876957,-1.0265849824889,-0.825228944558798,-1.16216338957199,"male","4",10
"82",31,45,49,19,27,30,10,17,21,0.264092555118617,-0.236829221070671,1.81687973920788,1.1599640990379,1.64218362080486,"male","4",10
"85",26,39,38,17,23,21,9,14,13,0.610473252354185,0.287108381240524,-0.594158871479672,-2.06531194762911,-0.922449686385225,"male","4",11
"86",37,46,51,22,27,31,12,17,21,-1.28141345165212,-0.00504779594269927,-1.53143355492891,-1.02966501071465,-1.77203418614536,"female","1",3
"88",25,42,48,13,25,30,6,16,20,0.751939266265646,0.848056623890875,-0.202514550552179,0.19695138622046,-0.187428768915249,"male","4",11
"89",26,37,41,13,22,23,7,17,16,1.5042008013186,-0.0420584362818562,1.19882691525535,1.02816225697906,0.485017088106423,"female","3",8
"90",12,36,53,6,25,32,4,15,21,-0.0413052054521308,0.421504413974088,0.487960734831151,-1.2475676830057,-1.16745665887522,"male","2",11
"104",26,50,43,15,30,27,9,20,18,1.46321786465378,0.98245265662444,1.31203116676787,1.43703438929077,1.21474473627318,"male","4",6
"105",21,30,38,13,21,24,6,13,15,0.751939266265646,-0.408235894143393,-0.408532158536358,-0.620792878402947,0.912455972638104,"male","4",4
"107",20,50,47,11,29,26,4,18,17,0.204592414536799,0.115701708167802,0.487960734831151,-1.17493345890868,-0.187428768915249,"female","3",5
"108",26,42,39,15,26,23,10,17,17,-0.488168979934339,-0.139443828676264,-0.109701194080522,0.137783768258642,-0.614867653446929,NA,"1",4
"110",10,10,31,6,6,14,4,4,7,2.21547939970674,1.21423408175241,-1.51104265988805,-1.30673530096752,-0.922449686385225,"male","3",11
"111",35,46,50,19,29,30,12,19,20,-0.0413052054521308,0.421504413974088,1.31203116676787,1.08732987494088,1.45975170876317,"female","4",11
"112",23,44,38,14,25,22,9,15,14,-0.52915191659916,-0.737402711665772,-0.820567374504717,-0.0801189040324088,0.8498809121898,"male","3",9
"115",24,33,47,13,22,30,7,14,20,-0.6296349938458,-0.176454469015421,-0.016887837608865,-0.54815865430593,0.000296412429661517,"male","4",11
"116",29,36,46,16,20,27,10,13,17,0.83390513959529,-1.029558888849,-0.614549766520537,-0.76606132659698,0.787305851741497,"female","4",11
"118",32,44,44,21,24,27,12,17,18,-0.853066881086904,-1.76191380457207,-0.222905445593044,-0.198454139956044,-0.0049968568735606,"male","4",9
"120",21,25,50,12,18,29,4,11,17,-2.09317512728689,-0.908809384738494,-2.33511309182476,-1.6429732091822,-0.24471056006033,"male","4",2
"121",34,43,43,21,26,27,12,18,18,0.446541505694899,-0.0790690766210131,-0.222905445593044,1.02816225697906,2.13219756578484,"male","3",9
"122",29,35,40,16,20,23,8,12,15,1.19880304074785,0.421504413974088,1.21921781029621,-0.211920746091243,-0.250003829363553,NA,"4",7
"123",29,36,45,18,23,27,11,14,18,-0.264737092693235,-0.0420584362818562,-0.202514550552179,0.401387452376311,0.42244202765812,"male","4",11
"124",22,39,40,12,22,23,7,14,14,1.15782010408303,0.518889806368496,1.10601355878369,0.137783768258642,1.39717664831487,"male","4",11
"125",20,36,44,11,22,27,7,15,18,-0.100805346033948,-0.0420584362818562,-1.13978923400142,-1.78824165737624,-1.34459530161368,NA,"3",11
"126",30,47,34,17,27,21,11,18,13,-1.15846464165765,0.98245265662444,-1.11939833896055,-0.211920746091243,0.240010115616431,"male","3",8
"127",19,27,45,12,16,26,6,10,15,-0.0413052054521308,0.189722988846116,0.395147378359494,-0.211920746091243,1.2200380055764,"male","2",11
"128",31,46,53,18,27,33,10,17,22,-0.223754156028413,0.421504413974088,0.0963164139036573,0.342219834414493,-0.495010801853544,NA,"3",7
"130",21,34,44,14,23,27,8,15,19,0.264092555118617,0.189722988846116,0.395147378359494,-0.416356812247095,0.787305851741497,"male","4",10
"133",26,40,43,16,24,28,11,15,18,1.05733702683639,0.189722988846116,-0.707363122992195,-0.343722588150078,0.542298879251505,"male","4",11
"134",22,35,46,13,24,28,8,15,18,-0.000322268787309145,-0.468610646198644,0.302334021887837,0.210417992355659,0.8498809121898,"male","5",11
"135",22,33,45,11,22,28,6,16,19,-0.6296349938458,0.518889806368496,-1.41822930341639,-1.93351010557027,-2.32462319157365,"male","4",9
"137",29,36,41,18,23,26,12,14,18,-0.365220169939874,-0.0790690766210131,-0.109701194080522,0.137783768258642,0.0575782035747429,"male","4",11
"138",32,44,47,21,26,29,14,17,19,0.264092555118617,0.287108381240524,0.00350305743200036,-0.693427102499963,-0.0049968568735606,"female","2",3
"139",19,33,37,11,18,23,7,12,15,-1.34091359223393,-0.0420584362818562,-2.33511309182476,-0.620792878402947,-0.80259283479184,"male","3",8
"140",12,26,43,7,17,27,4,10,16,0.528507379024542,0.287108381240524,-0.913380730976374,0.137783768258642,-1.10488159842691,"male","3",11
"141",19,36,43,13,19,27,7,12,18,-0.670617930510621,-0.871798744399337,-0.840958269545582,0.955528032882048,-0.0049968568735606,"female","4",6
"142",38,53,54,23,33,33,14,22,21,-0.346702966022878,-0.700392071326616,0.580774091302808,-0.198454139956044,-0.187428768915249,"male","3",11
"143",30,49,54,18,29,33,11,19,22,0.97537115350675,0.98245265662444,0.601164986343673,1.50966861338779,1.40246991761809,"male","4",11
"145",28,42,56,16,25,34,7,16,23,0.264092555118617,0.32411902157968,0.714369237856195,0.751091966726196,-0.250003829363553,"male","3",7
"146",19,40,54,11,26,33,6,20,22,0.182126681788973,0.0923375964517083,-0.820567374504717,0.19695138622046,-1.10488159842691,"female","4",11
"148",25,53,52,16,33,31,9,23,20,0.83390513959529,1.83555707645801,-0.408532158536358,-0.488991036344112,0.667449000148112,"male","5",10
"149",20,49,45,13,29,25,8,20,19,0.487524442359721,0.848056623890875,-1.00619408744803,-1.37936952506454,-0.495010801853544,"female","3",7
"150",26,45,39,15,27,23,8,17,16,1.05733702683639,-0.371225253804236,0.69397834281533,1.43703438929077,1.94976565374315,"male","4",9
"151",16,37,43,9,24,26,5,18,17,1.76861562522453,0.750671231496468,2.41454166811956,1.64147045544662,0.8498809121898,"female","3",5
"152",38,50,55,22,30,36,13,20,24,-0.52915191659916,2.20173453431955,-0.222905445593044,0.67845774262918,-0.0675719173218641,"female","4",10
"153",46,50,43,27,33,27,20,22,17,-1.64631135280468,-1.06656952918815,1.38445362819866,-0.561625260441129,-0.672149444592011,"male","3",7
"154",32,37,50,18,23,30,11,15,20,-0.406203106604696,0.384493773634931,0.601164986343673,-0.0801189040324088,-0.432435741405241,"male","4",9
"158",19,44,46,11,27,30,6,18,20,0.0406606678775125,0.0553269561125515,0.395147378359494,0.0651495441616249,-0.369860680956937,"male","2",8
"159",32,47,54,17,26,34,11,17,23,-1.15846464165765,0.518889806368496,-0.933771626017239,0.401387452376311,-0.062278648018642,"male","2",5
"160",46,44,58,29,26,35,19,16,23,-0.976015691081368,-1.6275177718385,0.302334021887837,1.1599640990379,-0.0102901261767827,"male","3",8
"161",38,43,48,21,26,28,15,17,19,-0.000322268787309145,0.750671231496468,1.51804877475205,1.71410467954364,2.13219756578484,"male","3",5
"164",21,42,40,13,25,24,8,17,17,-0.670617930510621,-1.95668458936088,-0.707363122992195,-0.416356812247095,-1.2247384500203,"male","3",6
"165",20,36,50,9,22,32,5,14,21,1.76861562522453,1.07983804901885,0.20952066541618,1.08732987494088,0.730024060596415,"female","4",10
"166",39,48,50,25,30,30,17,20,20,-0.6296349938458,0.287108381240524,0.899995950799509,0.474021676473328,0.730024060596415,"female","4",6
"167",27,40,52,17,22,33,11,12,22,-0.264737092693235,-0.334214613465079,0.920386845840375,0.474021676473328,0.667449000148112,"male","2",6
"168",25,32,52,14,20,33,8,14,22,-0.223754156028413,0.65328583910206,0.189129770375314,-0.54815865430593,-0.250003829363553,"male","4",10
"169",13,37,33,6,21,20,4,13,13,0.223109618453795,0.848056623890875,-0.521736410048881,0.619290124667362,-0.0049968568735606,"female","4",2
"170",26,41,52,14,25,32,8,18,21,-0.52915191659916,0.189722988846116,0.807182594327852,1.5823028374848,1.52232676921147,"male","4",4
"171",26,40,49,15,26,30,9,17,20,-1.42287946556358,-0.83478810406018,-1.41822930341639,-2.21058039582314,-1.34988857091691,"male","3",10
"172",23,24,51,12,14,32,7,9,21,0.710956329600825,1.54340089927479,0.302334021887837,0.19695138622046,0.604873939699808,"male","4",9
"173",27,36,48,18,21,33,7,14,22,1.01635409017157,0.518889806368496,0.0963164139036573,0.67845774262918,1.09488788467979,"male","3",8
"175",29,36,40,18,21,23,11,14,16,1.2807689140775,0.189722988846116,-0.016887837608865,0.342219834414493,0.730024060596415,"female","2",2
"177",19,38,35,11,25,23,6,16,15,-0.711600867175443,-0.5056212865378,0.69397834281533,-0.00748467993539193,1.27731979672148,"male","5",10
"178",18,35,48,10,24,31,5,14,21,-0.0413052054521308,-0.00504779594269927,0.189129770375314,0.823726190823213,0.0575782035747429,"female","1",7
"179",16,23,39,7,11,24,5,7,16,0.0406606678775125,0.518889806368496,-1.30502505190387,-0.706893708635163,0.240010115616431,NA,"4",6
"182",21,42,25,12,27,15,8,19,13,0.569490315689364,-0.176454469015421,0.281943126846971,0.41485405851151,0.120153264023046,"female","3",1
"183",23,50,54,9,31,34,7,24,24,0.364575632365256,-0.102433188337107,-0.686972227951329,0.664991136493981,0.604873939699808,"male","4",2
"184",25,49,33,14,30,19,9,21,12,1.76861562522453,0.189722988846116,-0.0893102990396566,-0.00748467993539193,1.21474473627318,"male","3",3
"185",30,35,34,17,21,19,10,13,13,0.264092555118617,0.518889806368496,-0.109701194080522,1.02816225697906,0.912455972638104,"male","3",2
"188",24,32,53,14,21,34,9,13,23,-1.19944757832247,-0.0420584362818562,-0.800176479463852,-0.76606132659698,-0.614867653446929,"male","3",9
"189",24,39,53,13,27,31,7,18,21,0.487524442359721,0.98245265662444,-0.408532158536358,-0.139286521994227,0.114859994719824,"male","4",11
"191",13,51,49,7,30,31,5,21,20,-1.60532841613986,0.32411902157968,-3.55082784468897,-1.58380559122039,-2.14219127953196,"female","3",9
"192",24,39,52,10,24,32,6,17,21,-0.346702966022878,-0.565996038593051,1.21921781029621,0.124317162123443,0.114859994719824,"female","2",5
"193",30,48,47,19,29,29,12,19,19,-2.5400389017691,-1.06656952918815,-0.336109697105567,-1.84740927533806,-1.09958832912369,"male","4",10
"195",29,34,49,18,20,29,10,14,20,-1.11748170499283,-0.0420584362818562,-1.13978923400142,-1.2341010768705,-0.614867653446929,"male","2",5
"196",25,48,58,14,29,35,9,20,24,0.141143745124152,1.21423408175241,0.920386845840375,1.23259832313492,-0.312578889811856,"male","4",10
"197",29,34,37,17,20,24,10,12,16,0.792922202930468,0.287108381240524,1.19882691525535,1.02816225697906,1.88719059329485,"male","4",4
"198",18,54,47,9,35,27,6,24,18,0.751939266265646,1.31161947414682,0.395147378359494,0.269585610317476,-0.552292592998626,NA,"2",9
"199",32,46,52,21,28,31,14,21,21,-0.100805346033948,0.0553269561125515,-0.501345515008015,-0.00748467993539193,0.975031033086407,"female","4",7
"200",24,50,54,13,31,31,9,20,19,1.2807689140775,1.54340089927479,0.508351629872016,0.19695138622046,0.724730791293193,"female","3",11
"203",31,43,41,20,25,25,12,16,16,1.23978597741268,1.07983804901885,1.6108621312237,0.328753228279294,1.21474473627318,"male","3",10
"204",31,36,42,19,23,25,11,15,16,-0.976015691081368,0.189722988846116,-1.11939833896055,-1.16146685277348,0.114859994719824,"male","3",8
"205",34,36,53,18,22,34,12,15,22,-0.670617930510621,-0.273839861409828,0.00350305743200036,0.41485405851151,-0.0675719173218641,"male","3",9
"207",26,48,48,16,30,30,10,19,20,0.223109618453795,0.98245265662444,0.714369237856195,0.269585610317476,0.8498809121898,"female","4",9
"209",28,28,49,18,19,32,11,12,20,-0.834549677169908,1.17722344141325,-3.13879262872062,-2.95569043634953,0.240010115616431,"male","3",11
"210",36,40,40,23,24,25,16,16,17,-0.670617930510621,-0.176454469015421,-1.41822930341639,-0.343722588150078,0.667449000148112,"male","4",10
"215",30,48,41,21,28,24,13,19,16,-0.935032754416547,-1.6275177718385,-1.75784205795396,-0.402890206111896,0.730024060596415,"male","4",7
"216",19,42,31,12,24,19,8,18,13,-1.19944757832247,-0.0420584362818562,-2.03628212736893,-0.752594720461781,-0.0049968568735606,"male","4",9
"217",30,37,35,17,22,20,10,16,14,0.528507379024542,-0.0420584362818562,-0.408532158536358,-0.620792878402947,1.21474473627318,"male","3",9
"220",21,31,46,11,22,29,5,14,20,0.893405280177107,1.31161947414682,2.20852406013538,-0.634259484538146,0.604873939699808,"male","3",11
"222",14,34,50,8,21,31,4,13,20,-0.976015691081368,-0.603006678932208,-1.13978923400142,-0.416356812247095,-2.50705510361534,"female","3",11
"224",22,44,48,14,26,30,9,16,20,0.223109618453795,0.421504413974088,0.00350305743200036,-1.04313161684985,-0.677442713895233,"female","1",0
"225",15,37,43,7,21,25,4,12,17,0.792922202930468,0.518889806368496,0.395147378359494,-1.10229923481167,0.542298879251505,"female","1",1
"227",33,39,52,22,25,29,14,17,22,0.528507379024542,0.189722988846116,1.10601355878369,-0.825228944558798,-0.495010801853544,"male","1",6
"228",22,42,21,14,24,12,9,15,8,0.569490315689364,0.287108381240524,-0.820567374504717,-0.343722588150078,-0.734724505040314,"male","1",1
"229",41,52,46,24,32,26,15,21,19,-2.17514100061653,-0.83478810406018,-1.00619408744803,0.342219834414493,0.240010115616431,"male","1",0
"230",32,43,38,18,24,25,10,16,17,0.122626541207156,-0.603006678932208,-0.408532158536358,0.474021676473328,1.2200380055764,"female","1",7
"231",45,25,42,26,15,26,18,7,17,0.0406606678775125,0.713660591157311,-1.92307787585641,-1.93351010557027,-1.58960227410367,"female","1",0
"232",43,55,46,25,33,27,16,23,20,0.710956329600825,-1.85929919696648,0.281943126846971,0.89636041492023,0.479723818803201,"female","1",9
"234",21,48,35,11,28,22,7,19,15,0.223109618453795,0.421504413974088,0.807182594327852,0.0516829380264259,1.45975170876317,"female","1",2
"235",27,31,50,17,18,31,12,11,21,0.0406606678775125,2.29911992671396,-1.94346877089727,-1.52463797325857,-2.44448004316704,"male","1",0
"236",39,57,52,24,35,29,15,23,20,0.0816436045423341,0.98245265662444,0.415538273400359,0.968994639017247,-1.58960227410367,NA,"1",5
"237",30,47,48,18,29,30,13,20,20,0.305075491783438,-1.39573634671053,0.992809307271166,-0.0666522978972098,-0.917156417082003,"male","1",0
"239",27,44,51,13,23,29,9,15,19,-1.95170911337543,0.287108381240524,0.467569839790285,0.968994639017247,-0.489717532550322,"male","1",0
"240",26,39,52,15,22,34,10,15,23,0.751939266265646,0.0923375964517083,-0.315718802064701,-0.139286521994227,-1.16745665887522,NA,"1",7
"241",23,41,43,14,26,27,9,17,19,0.528507379024542,0.384493773634931,-0.707363122992195,-0.28455497018826,-0.797299565488618,"male","1",0
"242",39,50,40,26,31,24,17,22,16,-0.223754156028413,0.384493773634931,-0.109701194080522,-1.17493345890868,-0.0049968568735606,NA,"1",0
"243",19,30,44,11,17,27,6,12,16,-0.000322268787309145,-0.932173496454588,-1.51104265988805,-0.0666522978972098,-1.71475239500028,"male","3",4
"245",33,34,25,21,16,14,16,10,10,-1.50484533889322,0.848056623890875,0.807182594327852,-1.51117136712337,-1.53232048295859,"male","1",0
"246",19,45,44,13,26,29,10,17,20,0.487524442359721,-0.236829221070671,0.487960734831151,0.619290124667362,-0.24471056006033,"female","1",9
"247",27,49,32,15,31,20,9,21,15,2.47989422361266,1.87256771679717,-0.109701194080522,-1.37936952506454,-0.250003829363553,"female","1",0
"248",27,35,49,14,21,30,12,17,21,-0.264737092693235,-0.236829221070671,0.374756483318628,0.823726190823213,-0.489717532550322,"male","1",6
"249",34,45,36,22,27,23,16,18,16,1.46321786465378,1.40900486654123,-0.408532158536358,-0.00748467993539193,-1.2873135104686,"female","1",1
"250",17,36,42,9,20,26,5,12,16,1.72763268855971,1.6407862916692,-0.913380730976374,-0.488991036344112,-0.614867653446929,"female","1",3
"251",24,51,43,16,33,27,7,24,18,-0.976015691081368,0.518889806368496,-0.521736410048881,1.10079648107608,-0.250003829363553,"male","1",7
"252",25,44,41,13,27,26,8,18,17,0.569490315689364,0.421504413974088,-0.614549766520537,-1.2475676830057,-0.250003829363553,"male","1",4
"253",28,43,34,17,25,20,11,18,14,-0.488168979934339,-0.700392071326616,1.01320020231203,0.474021676473328,-0.734724505040314,"female","1",0
"254",31,46,43,21,29,26,11,20,17,2.21547939970674,1.96995310919158,-0.820567374504717,-1.59727219735559,-1.5948955434069,NA,"1",4
"255",28,24,44,15,12,26,11,9,17,-0.52915191659916,-0.468610646198644,0.415538273400359,0.67845774262918,0.177435055168128,"male","1",0
"256",32,37,41,17,24,25,9,16,16,-0.000322268787309145,-1.029558888849,0.899995950799509,0.0651495441616249,0.542298879251505,"male","1",0
"257",33,39,44,18,22,27,10,14,19,-1.03551583166319,-2.98119568226718,-1.64463780644143,-1.2341010768705,0.240010115616431,"female","1",1
"258",43,47,46,28,30,28,18,20,19,-0.447186043269517,-0.5056212865378,0.580774091302808,-0.54815865430593,-1.16216338957199,"male","1",2
"259",25,44,37,14,26,22,9,18,16,1.23978597741268,1.21423408175241,-0.501345515008015,-0.0801189040324088,-0.614867653446929,"female","1",0
"260",19,49,37,13,29,24,7,20,18,1.68664975189488,2.53090135184193,-0.820567374504717,-1.2475676830057,-1.10488159842691,"male","1",1
"261",36,46,51,21,26,29,14,23,19,0.669973392936003,1.87256771679717,-1.6038560163597,0.605823518532163,-0.124853708466945,"male","1",0
"262",32,54,54,20,33,32,11,22,23,-0.223754156028413,-0.236829221070671,-0.428923053577224,-0.343722588150078,1.57960856035655,"female","1",0
"263",32,38,55,19,24,34,11,16,22,-0.447186043269517,0.0553269561125515,0.487960734831151,0.269585610317476,-0.552292592998626,"male","3",11
"264",23,35,48,10,27,31,6,17,22,0.751939266265646,2.06733850158599,0.621555881384538,1.23259832313492,0.667449000148112,"male","2",9
"265",30,46,52,18,28,32,11,19,21,-0.570134853263982,-2.01705934141613,-2.54113069980894,-2.06531194762911,-1.09958832912369,"male","3",10
"267",16,39,41,9,21,25,5,15,17,1.19880304074785,0.65328583910206,-0.913380730976374,-0.970497392752832,-0.0675719173218641,"female","1",0
"268",18,32,49,12,15,31,6,8,19,-0.164254015446596,-0.565996038593051,1.90969309567954,-0.357189194285277,-1.53232048295859,"male","1",9
"271",32,43,56,21,27,35,13,16,24,-0.447186043269517,-1.26134031397697,-0.222905445593044,0.67845774262918,0.42244202765812,"male","1",0
"272",43,47,43,25,29,24,18,18,14,1.5042008013186,0.189722988846116,0.395147378359494,-0.0801189040324088,0.42244202765812,"female","1",4
"273",21,32,35,11,18,22,7,10,14,-0.506686183851335,-0.871798744399337,0.374756483318628,0.00598192619980706,-0.552292592998626,"female","1",2
"274",33,33,41,21,21,26,10,14,17,-2.39857288785764,-1.91967394902173,-1.0265849824889,0.00598192619980706,-0.917156417082003,"female","1",0
"275",26,41,53,15,25,33,9,18,21,-0.000322268787309145,0.384493773634931,0.601164986343673,1.43703438929077,1.03231282423149,"male","4",7
"277",15,31,39,8,18,25,5,13,16,1.95106457580081,1.21423408175241,1.01320020231203,-0.28455497018826,2.13219756578484,"male","4",9
"278",26,39,46,15,24,28,9,16,20,-0.305720029358056,-0.139443828676264,0.601164986343673,0.605823518532163,0.604873939699808,"male","3",8
"280",17,39,51,8,26,32,5,18,21,-1.72827722613432,1.21423408175241,-0.820567374504717,-0.54815865430593,1.46504497806639,"male","4",5
"281",15,33,31,8,21,20,4,14,13,0.528507379024542,-0.273839861409828,0.302334021887837,1.02816225697906,2.55963645031652,"male","3",6
"282",20,29,47,12,17,29,9,10,20,-0.976015691081368,-0.273839861409828,-0.295327907023836,0.401387452376311,-0.250003829363553,"male","3",6
"283",31,40,45,18,25,29,11,17,21,-0.793566740505086,-0.236829221070671,0.00350305743200036,-0.488991036344112,-0.124853708466945,"male","3",2
"284",25,50,38,15,29,25,9,19,16,0.264092555118617,0.421504413974088,-0.614549766520537,-0.488991036344112,0.0575782035747429,"female","1",4
"285",13,29,44,8,20,28,6,14,18,-1.24043051498729,-2.09108062209445,-1.23260259047308,-1.36590291892934,0.302585176064735,"male","4",10
"286",24,37,51,15,23,31,10,15,20,-2.72248785234538,-1.93332047764479,-0.562518200130611,-0.739128114326582,-0.729431235737092,"male","4",11
"287",21,55,50,11,31,33,6,21,21,-0.000322268787309145,1.21423408175241,0.920386845840375,0.67845774262918,0.485017088106423,"female","1",1
"289",18,32,49,8,17,29,4,10,20,0.751939266265646,0.518889806368496,0.487960734831151,1.71410467954364,1.09488788467979,"female","4",9
"291",37,43,46,22,23,30,14,15,20,0.122626541207156,0.848056623890875,-0.24329634063391,-0.825228944558798,-0.859874625936921,"male","1",4
"293",19,35,42,8,18,24,6,12,15,0.751939266265646,0.189722988846116,0.714369237856195,0.546655900570345,0.787305851741497,"male","4",8
"294",24,51,48,12,31,29,8,21,19,1.36273478740714,0.481879166029339,0.189129770375314,-0.0801189040324088,1.03231282423149,"female","4",11
"296",20,40,32,10,23,20,7,15,14,0.264092555118617,-1.49312173910494,0.807182594327852,0.546655900570345,0.667449000148112,"female","4",2
"297",40,39,46,23,20,28,14,13,20,-1.24043051498729,-0.5056212865378,-1.43862019845725,-0.343722588150078,-0.917156417082003,"male","1",0
"298",24,42,43,12,24,27,7,14,17,0.487524442359721,-0.273839861409828,0.395147378359494,0.546655900570345,-0.250003829363553,"female","1",4
"302",39,40,37,24,24,22,16,16,15,0.122626541207156,-0.0790690766210131,0.786791699286987,0.619290124667362,0.975031033086407,"female","1",0
"303",32,41,43,19,27,28,12,20,19,-0.894049817751725,0.287108381240524,-1.41822930341639,-1.58380559122039,-1.65217733455198,"male","1",2
"305",16,25,41,8,15,28,5,10,19,-1.34091359223393,-1.20096556192172,-0.933771626017239,-1.10229923481167,0.000296412429661517,"male","4",4
"306",14,36,39,8,23,25,4,17,18,0.264092555118617,-0.603006678932208,0.189129770375314,-1.10229923481167,0.0575782035747429,"male","3",9
"307",37,47,52,22,27,32,14,18,21,0.487524442359721,0.421504413974088,0.714369237856195,0.546655900570345,0.42244202765812,"female","4",9
"308",23,27,42,15,16,25,11,10,16,-1.78777736671614,-2.09108062209445,-1.13978923400142,-0.957030786617633,-0.734724505040314,"male","3",9
"309",18,28,39,10,17,25,6,13,16,0.487524442359721,1.40900486654123,0.20952066541618,0.137783768258642,0.42244202765812,"male","4",4
"310",25,52,53,14,33,31,8,23,20,0.182126681788973,-0.603006678932208,1.21921781029621,2.06380919389352,0.667449000148112,"male","4",6
"311",20,32,42,11,17,26,6,11,16,-0.52915191659916,-0.700392071326616,-0.840958269545582,-0.343722588150078,-1.34459530161368,"male","4",11
"315",32,26,45,19,14,27,12,10,18,-1.42287946556358,-0.5056212865378,0.395147378359494,-0.825228944558798,-0.859874625936921,"male","1",7
"316",35,36,53,22,23,32,13,14,21,-1.4638624022284,-1.26134031397697,1.40484452323952,1.5823028374848,1.09488788467979,"male","5",9
"318",31,34,49,18,21,30,10,13,20,-0.182771219363592,1.21423408175241,0.0963164139036573,1.02816225697906,0.42244202765812,"male","4",11
"320",21,44,47,12,27,28,6,18,21,0.792922202930468,0.421504413974088,0.0963164139036573,0.474021676473328,0.912455972638104,"female","4",5
"321",27,42,60,17,26,36,11,18,24,1.01635409017157,-0.273839861409828,0.508351629872016,1.43703438929077,1.82461553284655,"female","4",10
"322",24,34,48,13,20,31,9,13,20,0.528507379024542,1.17722344141325,0.69397834281533,0.19695138622046,-0.0049968568735606,"male","5",7
"324",26,23,42,16,15,24,8,7,15,1.2807689140775,0.421504413974088,0.714369237856195,1.1599640990379,1.82461553284655,"male","3",11
"326",31,42,50,18,25,31,11,16,20,0.264092555118617,-0.5056212865378,-0.202514550552179,0.137783768258642,0.667449000148112,NA,"1",0
"328",36,46,50,21,28,30,12,18,20,-1.4638624022284,-0.700392071326616,0.00350305743200036,-0.139286521994227,-0.0675719173218641,"male","4",8
"329",31,33,34,20,19,20,12,13,13,0.34605842844826,-0.5056212865378,-0.202514550552179,-0.00748467993539193,1.1574629451281,"female","4",3
"330",33,42,48,21,25,30,14,17,20,0.305075491783438,-0.83478810406018,1.10601355878369,1.1734307051731,0.667449000148112,"male","3",8
"335",42,49,43,25,29,25,16,20,17,-0.305720029358056,-0.565996038593051,0.920386845840375,1.23259832313492,1.82461553284655,"male","1",6
"336",31,46,45,19,27,28,13,18,19,-0.0413052054521308,0.287108381240524,0.189129770375314,0.474021676473328,-0.312578889811856,"male","2",3
"345",32,42,59,20,27,35,12,18,23,0.669973392936003,-0.139443828676264,1.21921781029621,0.474021676473328,0.542298879251505,"male","2",11
"348",22,44,40,10,26,26,6,17,17,-1.54582827555804,-0.700392071326616,-0.202514550552179,0.269585610317476,-1.53232048295859,"male","3",8
"350",20,34,33,14,21,20,8,15,14,1.68664975189488,1.21423408175241,1.10601355878369,1.23259832313492,2.13219756578484,"female","5",6
"352",29,39,37,16,22,22,11,15,15,0.610473252354185,-0.83478810406018,0.601164986343673,0.0651495441616249,-0.432435741405241,"male","1",0
"353",28,42,42,17,28,22,8,18,11,-0.223754156028413,-0.700392071326616,0.487960734831151,0.0651495441616249,0.177435055168128,"male","4",11
"354",32,37,40,20,24,24,14,15,16,-0.406203106604696,-0.408235894143393,0.0759255188627919,0.342219834414493,0.975031033086407,"male","4",9
"356",23,39,39,14,24,23,9,16,14,-0.000322268787309145,-0.273839861409828,0.899995950799509,-0.0666522978972098,-0.0675719173218641,"male","4",9
"358",16,35,32,12,24,18,6,17,11,1.95106457580081,0.518889806368496,2.22891495517624,0.810259584688014,1.45975170876317,"female","4",1
"359",42,52,38,24,31,23,16,20,17,-0.752583803840265,-0.797777463721023,0.0963164139036573,0.691924348764379,-0.187428768915249,"female","1",0
"360",42,34,45,25,18,27,16,12,18,-0.711600867175443,-0.83478810406018,-1.41822930341639,-1.17493345890868,-0.250003829363553,"female","1",6
"362",26,43,51,16,26,31,10,16,20,1.2807689140775,-0.236829221070671,-1.6038560163597,-1.32020190710272,-1.16216338957199,"female","1",8
"364",13,26,31,9,12,21,6,10,14,-1.82876030338096,-0.700392071326616,-0.542127305089746,-1.84740927533806,-1.46974542251029,"male","1",0
"366",25,42,53,13,27,32,9,17,22,-0.000322268787309145,-0.468610646198644,0.69397834281533,0.955528032882048,1.27731979672148,"female","1",9
"367",25,31,38,16,21,24,12,13,17,-0.365220169939874,-1.66452841217766,0.580774091302808,0.342219834414493,0.42244202765812,"female","1",0
"369",30,25,43,21,16,26,12,9,17,-1.24043051498729,-1.06656952918815,0.302334021887837,1.02816225697906,-0.432435741405241,"male","3",10
"370",33,41,47,21,24,29,13,15,19,-1.42287946556358,-0.969184136793745,-2.14948637888145,-0.957030786617633,-0.917156417082003,"female","1",0
"371",40,45,34,25,26,21,16,17,15,0.0816436045423341,1.60377565133004,-1.83026451938475,-0.752594720461781,-1.71475239500028,"male","1",7
"372",35,36,44,22,20,25,13,13,16,0.264092555118617,0.287108381240524,0.302334021887837,-0.211920746091243,-0.797299565488618,"male","1",4
"374",29,46,42,19,27,26,12,17,18,0.264092555118617,0.287108381240524,0.0963164139036573,-0.357189194285277,-0.0049968568735606,"male","1",3
"375",29,44,47,18,26,29,10,19,19,-1.72827722613432,-2.05406998175529,0.807182594327852,-0.139286521994227,-0.489717532550322,"male","3",11
"376",32,45,47,19,29,26,12,19,17,-1.19944757832247,-0.371225253804236,-0.72775401803306,1.1599640990379,-0.677442713895233,"male","1",5
"378",48,44,50,29,24,29,19,19,19,-0.488168979934339,0.848056623890875,-2.74714830779312,-0.752594720461781,-0.124853708466945,"female","1",1
"381",22,37,29,13,23,17,9,17,10,0.528507379024542,1.83555707645801,-1.73745116291309,-2.26974801378496,-2.44448004316704,"female","1",0
"382",24,36,35,16,23,21,11,15,16,-0.976015691081368,0.32411902157968,-1.23260259047308,-1.16146685277348,-2.01704115863535,"male","1",0
"383",37,36,51,21,22,31,12,13,21,0.305075491783438,-1.29835095431612,0.69397834281533,-0.475524430208913,-1.10488159842691,"male","3",11
"385",34,38,38,21,24,21,13,17,14,-1.11748170499283,-0.969184136793745,-1.73745116291309,-1.30673530096752,-1.89718430704197,"male","1",0
"386",27,37,48,18,22,30,11,13,20,1.01635409017157,1.40900486654123,-0.315718802064701,-0.343722588150078,-0.614867653446929,"male","1",9
"387",21,38,22,12,24,14,8,14,9,1.05733702683639,0.848056623890875,-0.501345515008015,0.19695138622046,-0.614867653446929,"female","1",2
"391",19,46,41,13,28,24,7,20,16,0.446541505694899,0.32411902157968,0.189129770375314,-1.87434248760845,-0.979731477530306,"female","1",0
"394",25,43,30,13,27,16,8,20,12,-0.182771219363592,0.287108381240524,-0.820567374504717,0.823726190823213,0.0575782035747429,"female","1",0
"396",39,35,44,23,22,28,13,14,19,-1.09896450107583,0.518889806368496,-1.11939833896055,-2.67862014609666,-1.89718430704197,"male","1",3
"397",20,40,40,14,23,25,9,14,17,0.264092555118617,-0.371225253804236,-0.408532158536358,1.10079648107608,-0.0049968568735606,"female","2",6
"405",18,40,41,11,25,23,7,19,14,0.751939266265646,0.98245265662444,0.415538273400359,0.751091966726196,0.42244202765812,"male","4",1
"406",35,43,50,20,27,31,12,18,21,0.569490315689364,-0.0420584362818562,0.786791699286987,0.41485405851151,0.485017088106423,"male","5",11
"409",29,43,46,16,24,29,10,15,19,-0.406203106604696,-0.83478810406018,0.189129770375314,1.30523254723193,0.604873939699808,"male","5",11
"412",26,33,40,16,19,23,10,10,15,-0.0822881421169524,-2.88381028987277,1.90969309567954,0.210417992355659,1.21474473627318,"male","5",11
"413",28,40,46,17,26,29,9,15,19,1.01635409017157,1.54340089927479,-0.72775401803306,-0.693427102499963,-1.23003171932352,"female","2",10
"414",25,43,48,14,26,29,10,16,19,-0.976015691081368,-0.83478810406018,0.189129770375314,0.269585610317476,-0.369860680956937,"male","3",7
